﻿<?xml version="1.0" encoding="utf-8" ?>
<log4net debug="false">
  <!-- Define some output appenders -->
  <!--<appender name="NHProfAppender"
     type="HibernatingRhinos.Profiler.Appender.NHibernate.NHProfOfflineAppender,
      HibernatingRhinos.Profiler.Appender" >
    <file value="nhprof_output.nhprof" />
  </appender>-->
  <appender name="trace" type="log4net.Appender.TraceAppender, log4net">
    <layout type="log4net.Layout.PatternLayout,log4net">
      <param name="ConversionPattern" value="%d{ABSOLUTE} (%L) [%-5p] - %m%n"/>
    </layout>
  </appender>
  <appender name="console" type="log4net.Appender.ConsoleAppender, log4net">
    <layout type="log4net.Layout.PatternLayout,log4net">
      <param name="ConversionPattern" value="%d{ABSOLUTE} %c{1}(%L) [%-5p] - %m%n"/>
    </layout>
  </appender>
  <appender name="rolling" type="log4net.Appender.RollingFileAppender, log4net">
    <file value="logs/logfile.txt"/>
    <appendToFile value="true"/>
    <rollingStyle value="Date"/>
    <datePattern value="yyyy-MM-dd"/>
    <layout type="log4net.Layout.PatternLayout,log4net">
      <param name="ConversionPattern" value="%d{ABSOLUTE} %c{1}(%L) [%-5p] - %m%n"/>
    </layout>
    <!--使用最小锁定模型（minimal locking model），以允许多个进程可以写入同一个文件 -->
    <lockingModel type="log4net.Appender.FileAppender+MinimalLock" />
  </appender>
  <!-- Setup the root category, add the appenders and set the default priority -->
  <!-- Level: (高) OFF > FATAL > ERROR > WARN > INFO > DEBUG > ALL (低) -->
  <!--<root>
    <priority value="DEBUG"/>
    <appender-ref ref="rolling"/>
  </root>-->
  <!-- Debug Only -->
  <logger name="JiaYuan">
    <priority value="ERROR"/>
    <appender-ref ref="rolling"/>
  </logger>
  <!--<logger name="HibernatingRhinos.Profiler.Appender.NHibernate.NHProfAppender.Setup">
    <appender-ref ref="NHProfAppender"/>
  </logger>-->
</log4net>